[{"model": "admin.logentry", "pk": 1, "fields": {"action_time": "2024-07-24T13:40:46.174Z", "user": 1, "content_type": 6, "object_id": "1", "object_repr": "Shirt", "action_flag": 1, "change_message": "[{\"added\": {}}]"}}, {"model": "admin.logentry", "pk": 2, "fields": {"action_time": "2024-07-24T13:49:25.718Z", "user": 1, "content_type": 6, "object_id": "2", "object_repr": "tshirt", "action_flag": 1, "change_message": "[{\"added\": {}}]"}}, {"model": "admin.logentry", "pk": 3, "fields": {"action_time": "2024-07-24T13:49:56.194Z", "user": 1, "content_type": 6, "object_id": "3", "object_repr": "shoes", "action_flag": 1, "change_message": "[{\"added\": {}}]"}}, {"model": "admin.logentry", "pk": 4, "fields": {"action_time": "2024-07-24T13:50:53.167Z", "user": 1, "content_type": 6, "object_id": "4", "object_repr": "jeans", "action_flag": 1, "change_message": "[{\"added\": {}}]"}}, {"model": "admin.logentry", "pk": 5, "fields": {"action_time": "2024-07-24T13:51:27.962Z", "user": 1, "content_type": 6, "object_id": "5", "object_repr": "jacket", "action_flag": 1, "change_message": "[{\"added\": {}}]"}}, {"model": "admin.logentry", "pk": 6, "fields": {"action_time": "2024-07-25T11:54:25.280Z", "user": 1, "content_type": 8, "object_id": "1", "object_repr": "Product object (1)", "action_flag": 1, "change_message": "[{\"added\": {}}]"}}, {"model": "admin.logentry", "pk": 7, "fields": {"action_time": "2024-07-25T11:55:46.808Z", "user": 1, "content_type": 8, "object_id": "2", "object_repr": "Product object (2)", "action_flag": 1, "change_message": "[{\"added\": {}}]"}}, {"model": "admin.logentry", "pk": 8, "fields": {"action_time": "2024-07-25T11:56:51.213Z", "user": 1, "content_type": 8, "object_id": "3", "object_repr": "Product object (3)", "action_flag": 1, "change_message": "[{\"added\": {}}]"}}, {"model": "admin.logentry", "pk": 9, "fields": {"action_time": "2024-07-25T11:58:00.372Z", "user": 1, "content_type": 8, "object_id": "4", "object_repr": "Product object (4)", "action_flag": 1, "change_message": "[{\"added\": {}}]"}}, {"model": "admin.logentry", "pk": 10, "fields": {"action_time": "2024-07-25T11:58:55.658Z", "user": 1, "content_type": 8, "object_id": "5", "object_repr": "Product object (5)", "action_flag": 1, "change_message": "[{\"added\": {}}]"}}, {"model": "admin.logentry", "pk": 11, "fields": {"action_time": "2024-07-25T12:00:07.146Z", "user": 1, "content_type": 8, "object_id": "6", "object_repr": "Product object (6)", "action_flag": 1, "change_message": "[{\"added\": {}}]"}}, {"model": "admin.logentry", "pk": 12, "fields": {"action_time": "2024-07-25T12:01:05.471Z", "user": 1, "content_type": 8, "object_id": "7", "object_repr": "Product object (7)", "action_flag": 1, "change_message": "[{\"added\": {}}]"}}, {"model": "admin.logentry", "pk": 13, "fields": {"action_time": "2024-07-25T12:02:05.711Z", "user": 1, "content_type": 8, "object_id": "8", "object_repr": "Product object (8)", "action_flag": 1, "change_message": "[{\"added\": {}}]"}}, {"model": "admin.logentry", "pk": 14, "fields": {"action_time": "2024-08-01T16:48:19.686Z", "user": 1, "content_type": 11, "object_id": "1", "object_repr": "Blue-Shirt", "action_flag": 1, "change_message": "[{\"added\": {}}]"}}, {"model": "admin.logentry", "pk": 15, "fields": {"action_time": "2024-08-01T17:17:44.745Z", "user": 1, "content_type": 11, "object_id": "2", "object_repr": "Variation object (2)", "action_flag": 1, "change_message": "[{\"added\": {}}]"}}, {"model": "admin.logentry", "pk": 16, "fields": {"action_time": "2024-08-01T17:22:51.966Z", "user": 1, "content_type": 11, "object_id": "1", "object_repr": "Variation object (1)", "action_flag": 3, "change_message": ""}}, {"model": "admin.logentry", "pk": 17, "fields": {"action_time": "2024-08-01T17:23:03.969Z", "user": 1, "content_type": 11, "object_id": "3", "object_repr": "Variation object (3)", "action_flag": 1, "change_message": "[{\"added\": {}}]"}}, {"model": "admin.logentry", "pk": 18, "fields": {"action_time": "2024-08-01T17:23:10.629Z", "user": 1, "content_type": 11, "object_id": "3", "object_repr": "Variation object (3)", "action_flag": 2, "change_message": "[{\"changed\": {\"fields\": [\"Variation value\"]}}]"}}, {"model": "admin.logentry", "pk": 19, "fields": {"action_time": "2024-08-01T17:27:21.935Z", "user": 1, "content_type": 11, "object_id": "4", "object_repr": "Variation object (4)", "action_flag": 1, "change_message": "[{\"added\": {}}]"}}, {"model": "admin.logentry", "pk": 20, "fields": {"action_time": "2024-08-01T17:32:37.943Z", "user": 1, "content_type": 11, "object_id": "4", "object_repr": "Variation object (4)", "action_flag": 2, "change_message": "[{\"changed\": {\"fields\": [\"Variation value\"]}}]"}}, {"model": "admin.logentry", "pk": 21, "fields": {"action_time": "2024-08-01T17:32:45.634Z", "user": 1, "content_type": 11, "object_id": "3", "object_repr": "Variation object (3)", "action_flag": 2, "change_message": "[{\"changed\": {\"fields\": [\"Variation value\"]}}]"}}, {"model": "admin.logentry", "pk": 22, "fields": {"action_time": "2024-08-01T17:32:52.181Z", "user": 1, "content_type": 11, "object_id": "2", "object_repr": "Variation object (2)", "action_flag": 2, "change_message": "[{\"changed\": {\"fields\": [\"Variation value\"]}}]"}}, {"model": "admin.logentry", "pk": 23, "fields": {"action_time": "2024-08-01T17:37:48.681Z", "user": 1, "content_type": 11, "object_id": "5", "object_repr": "Variation object (5)", "action_flag": 1, "change_message": "[{\"added\": {}}]"}}, {"model": "admin.logentry", "pk": 24, "fields": {"action_time": "2024-08-01T17:38:07.728Z", "user": 1, "content_type": 11, "object_id": "6", "object_repr": "Variation object (6)", "action_flag": 1, "change_message": "[{\"added\": {}}]"}}, {"model": "admin.logentry", "pk": 25, "fields": {"action_time": "2024-08-01T17:38:24.455Z", "user": 1, "content_type": 11, "object_id": "7", "object_repr": "Variation object (7)", "action_flag": 1, "change_message": "[{\"added\": {}}]"}}, {"model": "admin.logentry", "pk": 26, "fields": {"action_time": "2024-08-03T08:15:58.401Z", "user": 1, "content_type": 7, "object_id": "13", "object_repr": "harrypotter0@gmail.com", "action_flag": 3, "change_message": ""}}, {"model": "admin.logentry", "pk": 27, "fields": {"action_time": "2024-08-03T08:15:58.405Z", "user": 1, "content_type": 7, "object_id": "12", "object_repr": "harrypotter9@gmail.com", "action_flag": 3, "change_message": ""}}, {"model": "admin.logentry", "pk": 28, "fields": {"action_time": "2024-08-03T08:15:58.408Z", "user": 1, "content_type": 7, "object_id": "11", "object_repr": "harrypotter8@gmail.com", "action_flag": 3, "change_message": ""}}, {"model": "admin.logentry", "pk": 29, "fields": {"action_time": "2024-08-03T08:15:58.411Z", "user": 1, "content_type": 7, "object_id": "10", "object_repr": "harrypotter7@gmail.com", "action_flag": 3, "change_message": ""}}, {"model": "admin.logentry", "pk": 30, "fields": {"action_time": "2024-08-03T08:15:58.414Z", "user": 1, "content_type": 7, "object_id": "9", "object_repr": "harrypotter6@gmail.com", "action_flag": 3, "change_message": ""}}, {"model": "admin.logentry", "pk": 31, "fields": {"action_time": "2024-08-03T08:15:58.416Z", "user": 1, "content_type": 7, "object_id": "8", "object_repr": "harrypotter4@gmail.com", "action_flag": 3, "change_message": ""}}, {"model": "admin.logentry", "pk": 32, "fields": {"action_time": "2024-08-03T08:15:58.419Z", "user": 1, "content_type": 7, "object_id": "7", "object_repr": "harrypotter3@gmail.com", "action_flag": 3, "change_message": ""}}, {"model": "admin.logentry", "pk": 33, "fields": {"action_time": "2024-08-03T08:15:58.422Z", "user": 1, "content_type": 7, "object_id": "6", "object_repr": "harrypotter2@gmail.com", "action_flag": 3, "change_message": ""}}, {"model": "admin.logentry", "pk": 34, "fields": {"action_time": "2024-08-03T08:15:58.425Z", "user": 1, "content_type": 7, "object_id": "5", "object_repr": "harrypotter1@gmail.com", "action_flag": 3, "change_message": ""}}, {"model": "admin.logentry", "pk": 35, "fields": {"action_time": "2024-08-03T08:15:58.428Z", "user": 1, "content_type": 7, "object_id": "4", "object_repr": "potterharry@gmail.com", "action_flag": 3, "change_message": ""}}, {"model": "admin.logentry", "pk": 36, "fields": {"action_time": "2024-08-03T08:15:58.430Z", "user": 1, "content_type": 7, "object_id": "3", "object_repr": "ronpotter@gmail.com", "action_flag": 3, "change_message": ""}}, {"model": "admin.logentry", "pk": 37, "fields": {"action_time": "2024-08-03T08:15:58.433Z", "user": 1, "content_type": 7, "object_id": "2", "object_repr": "harrypotter@gmail.com", "action_flag": 3, "change_message": ""}}, {"model": "admin.logentry", "pk": 38, "fields": {"action_time": "2024-08-03T08:33:56.296Z", "user": 1, "content_type": 7, "object_id": "14", "object_repr": "harrypotter@gmail.com", "action_flag": 2, "change_message": "[{\"changed\": {\"fields\": [\"Is active\"]}}]"}}, {"model": "admin.logentry", "pk": 39, "fields": {"action_time": "2024-08-03T10:32:37.802Z", "user": 1, "content_type": 7, "object_id": "16", "object_repr": "thrown007@gmail.com", "action_flag": 3, "change_message": ""}}, {"model": "admin.logentry", "pk": 40, "fields": {"action_time": "2024-08-03T10:32:37.808Z", "user": 1, "content_type": 7, "object_id": "15", "object_repr": "dhyeykakadiya007@gmail.com", "action_flag": 3, "change_message": ""}}, {"model": "admin.logentry", "pk": 41, "fields": {"action_time": "2024-08-03T10:58:41.766Z", "user": 1, "content_type": 7, "object_id": "17", "object_repr": "thrown007@gmail.com", "action_flag": 3, "change_message": ""}}, {"model": "admin.logentry", "pk": 42, "fields": {"action_time": "2024-08-03T11:08:51.520Z", "user": 1, "content_type": 7, "object_id": "18", "object_repr": "thrown007@gmail.com", "action_flag": 3, "change_message": ""}}, {"model": "admin.logentry", "pk": 43, "fields": {"action_time": "2024-08-03T11:10:34.112Z", "user": 1, "content_type": 7, "object_id": "19", "object_repr": "thrown007@gmail.com", "action_flag": 3, "change_message": ""}}, {"model": "admin.logentry", "pk": 44, "fields": {"action_time": "2024-08-03T11:45:53.211Z", "user": 1, "content_type": 7, "object_id": "20", "object_repr": "thrown007@gmail.com", "action_flag": 3, "change_message": ""}}, {"model": "admin.logentry", "pk": 45, "fields": {"action_time": "2024-08-03T11:48:28.793Z", "user": 1, "content_type": 7, "object_id": "21", "object_repr": "oflightking1@gmail.com", "action_flag": 3, "change_message": ""}}, {"model": "admin.logentry", "pk": 46, "fields": {"action_time": "2024-08-03T12:05:25.941Z", "user": 1, "content_type": 7, "object_id": "22", "object_repr": "thrown007@gmail.com", "action_flag": 3, "change_message": ""}}, {"model": "admin.logentry", "pk": 47, "fields": {"action_time": "2024-08-03T12:13:05.129Z", "user": 1, "content_type": 7, "object_id": "23", "object_repr": "thrown007@gmail.com", "action_flag": 3, "change_message": ""}}, {"model": "admin.logentry", "pk": 48, "fields": {"action_time": "2024-08-07T06:41:36.317Z", "user": 1, "content_type": 7, "object_id": "24", "object_repr": "thrown007@gmail.com", "action_flag": 3, "change_message": ""}}, {"model": "admin.logentry", "pk": 49, "fields": {"action_time": "2024-08-07T15:31:07.220Z", "user": 1, "content_type": 7, "object_id": "25", "object_repr": "thrown007@gmail.com", "action_flag": 3, "change_message": ""}}, {"model": "admin.logentry", "pk": 50, "fields": {"action_time": "2024-08-07T16:15:12.253Z", "user": 1, "content_type": 7, "object_id": "26", "object_repr": "thrown007@gmail.com", "action_flag": 3, "change_message": ""}}, {"model": "admin.logentry", "pk": 51, "fields": {"action_time": "2024-08-07T16:31:31.993Z", "user": 1, "content_type": 7, "object_id": "27", "object_repr": "thrown007@gmail.com", "action_flag": 3, "change_message": ""}}, {"model": "admin.logentry", "pk": 52, "fields": {"action_time": "2024-08-07T16:49:32.631Z", "user": 1, "content_type": 7, "object_id": "28", "object_repr": "thrown007@gmail.com", "action_flag": 3, "change_message": ""}}, {"model": "admin.logentry", "pk": 53, "fields": {"action_time": "2024-08-07T18:20:44.093Z", "user": 1, "content_type": 9, "object_id": "18", "object_repr": "CartItem object (18)", "action_flag": 3, "change_message": ""}}, {"model": "admin.logentry", "pk": 54, "fields": {"action_time": "2024-08-07T18:20:44.098Z", "user": 1, "content_type": 9, "object_id": "17", "object_repr": "CartItem object (17)", "action_flag": 3, "change_message": ""}}, {"model": "admin.logentry", "pk": 55, "fields": {"action_time": "2024-08-07T18:20:44.103Z", "user": 1, "content_type": 9, "object_id": "16", "object_repr": "CartItem object (16)", "action_flag": 3, "change_message": ""}}, {"model": "admin.logentry", "pk": 56, "fields": {"action_time": "2024-08-07T18:20:44.108Z", "user": 1, "content_type": 9, "object_id": "15", "object_repr": "CartItem object (15)", "action_flag": 3, "change_message": ""}}, {"model": "admin.logentry", "pk": 57, "fields": {"action_time": "2024-08-07T18:20:44.113Z", "user": 1, "content_type": 9, "object_id": "14", "object_repr": "CartItem object (14)", "action_flag": 3, "change_message": ""}}, {"model": "admin.logentry", "pk": 58, "fields": {"action_time": "2024-08-07T18:20:44.118Z", "user": 1, "content_type": 9, "object_id": "13", "object_repr": "CartItem object (13)", "action_flag": 3, "change_message": ""}}, {"model": "admin.logentry", "pk": 59, "fields": {"action_time": "2024-08-07T18:20:44.123Z", "user": 1, "content_type": 9, "object_id": "12", "object_repr": "CartItem object (12)", "action_flag": 3, "change_message": ""}}, {"model": "admin.logentry", "pk": 60, "fields": {"action_time": "2024-08-07T18:20:44.128Z", "user": 1, "content_type": 9, "object_id": "8", "object_repr": "CartItem object (8)", "action_flag": 3, "change_message": ""}}, {"model": "admin.logentry", "pk": 61, "fields": {"action_time": "2024-08-08T11:50:05.436Z", "user": 1, "content_type": 9, "object_id": "21", "object_repr": "CartItem object (21)", "action_flag": 3, "change_message": ""}}, {"model": "admin.logentry", "pk": 62, "fields": {"action_time": "2024-08-08T11:50:05.440Z", "user": 1, "content_type": 9, "object_id": "20", "object_repr": "CartItem object (20)", "action_flag": 3, "change_message": ""}}, {"model": "admin.logentry", "pk": 63, "fields": {"action_time": "2024-08-08T11:50:05.444Z", "user": 1, "content_type": 9, "object_id": "19", "object_repr": "CartItem object (19)", "action_flag": 3, "change_message": ""}}, {"model": "admin.logentry", "pk": 64, "fields": {"action_time": "2024-08-08T11:50:16.157Z", "user": 1, "content_type": 10, "object_id": "9", "object_repr": "m4mfgu32tgjnysvrlypeikx8g0xw8fwr", "action_flag": 3, "change_message": ""}}, {"model": "admin.logentry", "pk": 65, "fields": {"action_time": "2024-08-08T11:50:16.162Z", "user": 1, "content_type": 10, "object_id": "8", "object_repr": "1dsc1ju1zqbsomiqhpffivucx4k6em1g", "action_flag": 3, "change_message": ""}}, {"model": "admin.logentry", "pk": 66, "fields": {"action_time": "2024-08-08T11:50:16.165Z", "user": 1, "content_type": 10, "object_id": "7", "object_repr": "g0q0b8zx5smfn81e53zesvrq17itcx4m", "action_flag": 3, "change_message": ""}}, {"model": "admin.logentry", "pk": 67, "fields": {"action_time": "2024-08-08T11:50:16.169Z", "user": 1, "content_type": 10, "object_id": "6", "object_repr": "f6yl9t6t68n0544fcjjgsqxywpkp3lvt", "action_flag": 3, "change_message": ""}}, {"model": "admin.logentry", "pk": 68, "fields": {"action_time": "2024-08-08T11:50:16.172Z", "user": 1, "content_type": 10, "object_id": "5", "object_repr": "hlkvz1zcbru3hroknx4tj0mqdjp0ye84", "action_flag": 3, "change_message": ""}}, {"model": "admin.logentry", "pk": 69, "fields": {"action_time": "2024-08-08T11:50:16.175Z", "user": 1, "content_type": 10, "object_id": "4", "object_repr": "88vsxdmd8t3ycnsb5se827beamibuwi6", "action_flag": 3, "change_message": ""}}, {"model": "admin.logentry", "pk": 70, "fields": {"action_time": "2024-08-08T11:50:16.179Z", "user": 1, "content_type": 10, "object_id": "3", "object_repr": "ashj36aeitq4iy4ajkfmh9idr7dqa87f", "action_flag": 3, "change_message": ""}}, {"model": "admin.logentry", "pk": 71, "fields": {"action_time": "2024-08-08T11:50:16.182Z", "user": 1, "content_type": 10, "object_id": "2", "object_repr": "qck4neyqxw5tte315l3ktlcpw3ge2c2n", "action_flag": 3, "change_message": ""}}, {"model": "admin.logentry", "pk": 72, "fields": {"action_time": "2024-08-08T11:50:16.186Z", "user": 1, "content_type": 10, "object_id": "1", "object_repr": "bvhoowja6c80546azn5yg7f6rwl4tjnq", "action_flag": 3, "change_message": ""}}, {"model": "admin.logentry", "pk": 73, "fields": {"action_time": "2024-08-08T13:14:09.957Z", "user": 1, "content_type": 10, "object_id": "12", "object_repr": "m78qh9hsvbsnboh6vkubfwrkifpkmh41", "action_flag": 3, "change_message": ""}}, {"model": "admin.logentry", "pk": 74, "fields": {"action_time": "2024-08-08T13:14:09.962Z", "user": 1, "content_type": 10, "object_id": "11", "object_repr": "5zd3ycwvsdxmyv03k6nminzon89d3sg2", "action_flag": 3, "change_message": ""}}, {"model": "admin.logentry", "pk": 75, "fields": {"action_time": "2024-08-08T13:14:09.965Z", "user": 1, "content_type": 10, "object_id": "10", "object_repr": "2vqi8synzie20wyb3p3tl8q24891ssod", "action_flag": 3, "change_message": ""}}, {"model": "admin.logentry", "pk": 76, "fields": {"action_time": "2024-08-09T15:59:36.904Z", "user": 1, "content_type": 15, "object_id": "1", "object_repr": "test", "action_flag": 1, "change_message": "[{\"added\": {}}]"}}, {"model": "admin.logentry", "pk": 77, "fields": {"action_time": "2024-08-09T16:00:14.627Z", "user": 1, "content_type": 15, "object_id": "1", "object_repr": "test", "action_flag": 3, "change_message": ""}}, {"model": "admin.logentry", "pk": 78, "fields": {"action_time": "2024-08-10T10:02:42.560Z", "user": 1, "content_type": 11, "object_id": "8", "object_repr": "red", "action_flag": 1, "change_message": "[{\"added\": {}}]"}}, {"model": "admin.logentry", "pk": 79, "fields": {"action_time": "2024-08-10T10:03:00.041Z", "user": 1, "content_type": 13, "object_id": "1", "object_repr": "ATX-Jeans", "action_flag": 1, "change_message": "[{\"added\": {}}]"}}, {"model": "admin.logentry", "pk": 80, "fields": {"action_time": "2024-08-10T10:03:25.827Z", "user": 1, "content_type": 13, "object_id": "1", "object_repr": "ATX-Jeans", "action_flag": 3, "change_message": ""}}, {"model": "admin.logentry", "pk": 81, "fields": {"action_time": "2024-08-10T10:32:18.800Z", "user": 1, "content_type": 16, "object_id": "1", "object_repr": "dhyey", "action_flag": 1, "change_message": "[{\"added\": {}}]"}}, {"model": "admin.logentry", "pk": 82, "fields": {"action_time": "2024-08-10T13:13:02.840Z", "user": 1, "content_type": 7, "object_id": "29", "object_repr": "thrown007@gmail.com", "action_flag": 3, "change_message": ""}}, {"model": "admin.logentry", "pk": 83, "fields": {"action_time": "2024-08-12T11:56:37.094Z", "user": 1, "content_type": 8, "object_id": "1", "object_repr": "ATX-Jeans", "action_flag": 2, "change_message": "[{\"added\": {\"name\": \"product gallerys\", \"object\": \"ATX-Jeans\"}}]"}}, {"model": "admin.logentry", "pk": 84, "fields": {"action_time": "2024-08-12T12:01:43.604Z", "user": 1, "content_type": 17, "object_id": "1", "object_repr": "ATX-Jeans", "action_flag": 3, "change_message": ""}}, {"model": "admin.logentry", "pk": 85, "fields": {"action_time": "2024-08-12T12:03:00.590Z", "user": 1, "content_type": 8, "object_id": "1", "object_repr": "ATX-Jeans", "action_flag": 2, "change_message": "[{\"added\": {\"name\": \"product gallerys\", \"object\": \"ATX-Jeans\"}}]"}}, {"model": "admin.logentry", "pk": 86, "fields": {"action_time": "2024-08-12T12:03:35.560Z", "user": 1, "content_type": 8, "object_id": "1", "object_repr": "ATX-Jeans", "action_flag": 2, "change_message": "[{\"added\": {\"name\": \"product gallerys\", \"object\": \"ATX-Jeans\"}}]"}}, {"model": "admin.logentry", "pk": 87, "fields": {"action_time": "2024-08-12T12:04:03.349Z", "user": 1, "content_type": 8, "object_id": "1", "object_repr": "ATX-Jeans", "action_flag": 2, "change_message": "[{\"added\": {\"name\": \"product gallerys\", \"object\": \"ATX-Jeans\"}}]"}}, {"model": "auth.permission", "pk": 1, "fields": {"name": "Can add log entry", "content_type": 1, "codename": "add_logentry"}}, {"model": "auth.permission", "pk": 2, "fields": {"name": "Can change log entry", "content_type": 1, "codename": "change_logentry"}}, {"model": "auth.permission", "pk": 3, "fields": {"name": "Can delete log entry", "content_type": 1, "codename": "delete_logentry"}}, {"model": "auth.permission", "pk": 4, "fields": {"name": "Can view log entry", "content_type": 1, "codename": "view_logentry"}}, {"model": "auth.permission", "pk": 5, "fields": {"name": "Can add permission", "content_type": 2, "codename": "add_permission"}}, {"model": "auth.permission", "pk": 6, "fields": {"name": "Can change permission", "content_type": 2, "codename": "change_permission"}}, {"model": "auth.permission", "pk": 7, "fields": {"name": "Can delete permission", "content_type": 2, "codename": "delete_permission"}}, {"model": "auth.permission", "pk": 8, "fields": {"name": "Can view permission", "content_type": 2, "codename": "view_permission"}}, {"model": "auth.permission", "pk": 9, "fields": {"name": "Can add group", "content_type": 3, "codename": "add_group"}}, {"model": "auth.permission", "pk": 10, "fields": {"name": "Can change group", "content_type": 3, "codename": "change_group"}}, {"model": "auth.permission", "pk": 11, "fields": {"name": "Can delete group", "content_type": 3, "codename": "delete_group"}}, {"model": "auth.permission", "pk": 12, "fields": {"name": "Can view group", "content_type": 3, "codename": "view_group"}}, {"model": "auth.permission", "pk": 13, "fields": {"name": "Can add content type", "content_type": 4, "codename": "add_contenttype"}}, {"model": "auth.permission", "pk": 14, "fields": {"name": "Can change content type", "content_type": 4, "codename": "change_contenttype"}}, {"model": "auth.permission", "pk": 15, "fields": {"name": "Can delete content type", "content_type": 4, "codename": "delete_contenttype"}}, {"model": "auth.permission", "pk": 16, "fields": {"name": "Can view content type", "content_type": 4, "codename": "view_contenttype"}}, {"model": "auth.permission", "pk": 17, "fields": {"name": "Can add session", "content_type": 5, "codename": "add_session"}}, {"model": "auth.permission", "pk": 18, "fields": {"name": "Can change session", "content_type": 5, "codename": "change_session"}}, {"model": "auth.permission", "pk": 19, "fields": {"name": "Can delete session", "content_type": 5, "codename": "delete_session"}}, {"model": "auth.permission", "pk": 20, "fields": {"name": "Can view session", "content_type": 5, "codename": "view_session"}}, {"model": "auth.permission", "pk": 21, "fields": {"name": "Can add category", "content_type": 6, "codename": "add_category"}}, {"model": "auth.permission", "pk": 22, "fields": {"name": "Can change category", "content_type": 6, "codename": "change_category"}}, {"model": "auth.permission", "pk": 23, "fields": {"name": "Can delete category", "content_type": 6, "codename": "delete_category"}}, {"model": "auth.permission", "pk": 24, "fields": {"name": "Can view category", "content_type": 6, "codename": "view_category"}}, {"model": "auth.permission", "pk": 25, "fields": {"name": "Can add account", "content_type": 7, "codename": "add_account"}}, {"model": "auth.permission", "pk": 26, "fields": {"name": "Can change account", "content_type": 7, "codename": "change_account"}}, {"model": "auth.permission", "pk": 27, "fields": {"name": "Can delete account", "content_type": 7, "codename": "delete_account"}}, {"model": "auth.permission", "pk": 28, "fields": {"name": "Can view account", "content_type": 7, "codename": "view_account"}}, {"model": "auth.permission", "pk": 29, "fields": {"name": "Can add product", "content_type": 8, "codename": "add_product"}}, {"model": "auth.permission", "pk": 30, "fields": {"name": "Can change product", "content_type": 8, "codename": "change_product"}}, {"model": "auth.permission", "pk": 31, "fields": {"name": "Can delete product", "content_type": 8, "codename": "delete_product"}}, {"model": "auth.permission", "pk": 32, "fields": {"name": "Can view product", "content_type": 8, "codename": "view_product"}}, {"model": "auth.permission", "pk": 33, "fields": {"name": "Can add cart item", "content_type": 9, "codename": "add_cartitem"}}, {"model": "auth.permission", "pk": 34, "fields": {"name": "Can change cart item", "content_type": 9, "codename": "change_cartitem"}}, {"model": "auth.permission", "pk": 35, "fields": {"name": "Can delete cart item", "content_type": 9, "codename": "delete_cartitem"}}, {"model": "auth.permission", "pk": 36, "fields": {"name": "Can view cart item", "content_type": 9, "codename": "view_cartitem"}}, {"model": "auth.permission", "pk": 37, "fields": {"name": "Can add cart", "content_type": 10, "codename": "add_cart"}}, {"model": "auth.permission", "pk": 38, "fields": {"name": "Can change cart", "content_type": 10, "codename": "change_cart"}}, {"model": "auth.permission", "pk": 39, "fields": {"name": "Can delete cart", "content_type": 10, "codename": "delete_cart"}}, {"model": "auth.permission", "pk": 40, "fields": {"name": "Can view cart", "content_type": 10, "codename": "view_cart"}}, {"model": "auth.permission", "pk": 41, "fields": {"name": "Can add variation", "content_type": 11, "codename": "add_variation"}}, {"model": "auth.permission", "pk": 42, "fields": {"name": "Can change variation", "content_type": 11, "codename": "change_variation"}}, {"model": "auth.permission", "pk": 43, "fields": {"name": "Can delete variation", "content_type": 11, "codename": "delete_variation"}}, {"model": "auth.permission", "pk": 44, "fields": {"name": "Can view variation", "content_type": 11, "codename": "view_variation"}}, {"model": "auth.permission", "pk": 45, "fields": {"name": "Can add payment", "content_type": 12, "codename": "add_payment"}}, {"model": "auth.permission", "pk": 46, "fields": {"name": "Can change payment", "content_type": 12, "codename": "change_payment"}}, {"model": "auth.permission", "pk": 47, "fields": {"name": "Can delete payment", "content_type": 12, "codename": "delete_payment"}}, {"model": "auth.permission", "pk": 48, "fields": {"name": "Can view payment", "content_type": 12, "codename": "view_payment"}}, {"model": "auth.permission", "pk": 49, "fields": {"name": "Can add order product", "content_type": 13, "codename": "add_orderproduct"}}, {"model": "auth.permission", "pk": 50, "fields": {"name": "Can change order product", "content_type": 13, "codename": "change_orderproduct"}}, {"model": "auth.permission", "pk": 51, "fields": {"name": "Can delete order product", "content_type": 13, "codename": "delete_orderproduct"}}, {"model": "auth.permission", "pk": 52, "fields": {"name": "Can view order product", "content_type": 13, "codename": "view_orderproduct"}}, {"model": "auth.permission", "pk": 53, "fields": {"name": "Can add order", "content_type": 14, "codename": "add_order"}}, {"model": "auth.permission", "pk": 54, "fields": {"name": "Can change order", "content_type": 14, "codename": "change_order"}}, {"model": "auth.permission", "pk": 55, "fields": {"name": "Can delete order", "content_type": 14, "codename": "delete_order"}}, {"model": "auth.permission", "pk": 56, "fields": {"name": "Can view order", "content_type": 14, "codename": "view_order"}}, {"model": "auth.permission", "pk": 57, "fields": {"name": "Can add review rating", "content_type": 15, "codename": "add_reviewrating"}}, {"model": "auth.permission", "pk": 58, "fields": {"name": "Can change review rating", "content_type": 15, "codename": "change_reviewrating"}}, {"model": "auth.permission", "pk": 59, "fields": {"name": "Can delete review rating", "content_type": 15, "codename": "delete_reviewrating"}}, {"model": "auth.permission", "pk": 60, "fields": {"name": "Can view review rating", "content_type": 15, "codename": "view_reviewrating"}}, {"model": "auth.permission", "pk": 61, "fields": {"name": "Can add user profile", "content_type": 16, "codename": "add_userprofile"}}, {"model": "auth.permission", "pk": 62, "fields": {"name": "Can change user profile", "content_type": 16, "codename": "change_userprofile"}}, {"model": "auth.permission", "pk": 63, "fields": {"name": "Can delete user profile", "content_type": 16, "codename": "delete_userprofile"}}, {"model": "auth.permission", "pk": 64, "fields": {"name": "Can view user profile", "content_type": 16, "codename": "view_userprofile"}}, {"model": "auth.permission", "pk": 65, "fields": {"name": "Can add product gallary", "content_type": 17, "codename": "add_productgallary"}}, {"model": "auth.permission", "pk": 66, "fields": {"name": "Can change product gallary", "content_type": 17, "codename": "change_productgallary"}}, {"model": "auth.permission", "pk": 67, "fields": {"name": "Can delete product gallary", "content_type": 17, "codename": "delete_productgallary"}}, {"model": "auth.permission", "pk": 68, "fields": {"name": "Can view product gallary", "content_type": 17, "codename": "view_productgallary"}}, {"model": "auth.permission", "pk": 69, "fields": {"name": "Can add product gallery", "content_type": 17, "codename": "add_productgallery"}}, {"model": "auth.permission", "pk": 70, "fields": {"name": "Can change product gallery", "content_type": 17, "codename": "change_productgallery"}}, {"model": "auth.permission", "pk": 71, "fields": {"name": "Can delete product gallery", "content_type": 17, "codename": "delete_productgallery"}}, {"model": "auth.permission", "pk": 72, "fields": {"name": "Can view product gallery", "content_type": 17, "codename": "view_productgallery"}}, {"model": "auth.permission", "pk": 73, "fields": {"name": "Can add login attempt", "content_type": 18, "codename": "add_loginattempt"}}, {"model": "auth.permission", "pk": 74, "fields": {"name": "Can change login attempt", "content_type": 18, "codename": "change_loginattempt"}}, {"model": "auth.permission", "pk": 75, "fields": {"name": "Can delete login attempt", "content_type": 18, "codename": "delete_loginattempt"}}, {"model": "auth.permission", "pk": 76, "fields": {"name": "Can view login attempt", "content_type": 18, "codename": "view_loginattempt"}}, {"model": "contenttypes.contenttype", "pk": 1, "fields": {"app_label": "admin", "model": "logentry"}}, {"model": "contenttypes.contenttype", "pk": 2, "fields": {"app_label": "auth", "model": "permission"}}, {"model": "contenttypes.contenttype", "pk": 3, "fields": {"app_label": "auth", "model": "group"}}, {"model": "contenttypes.contenttype", "pk": 4, "fields": {"app_label": "contenttypes", "model": "contenttype"}}, {"model": "contenttypes.contenttype", "pk": 5, "fields": {"app_label": "sessions", "model": "session"}}, {"model": "contenttypes.contenttype", "pk": 6, "fields": {"app_label": "category", "model": "category"}}, {"model": "contenttypes.contenttype", "pk": 7, "fields": {"app_label": "accounts", "model": "account"}}, {"model": "contenttypes.contenttype", "pk": 8, "fields": {"app_label": "store", "model": "product"}}, {"model": "contenttypes.contenttype", "pk": 9, "fields": {"app_label": "carts", "model": "cartitem"}}, {"model": "contenttypes.contenttype", "pk": 10, "fields": {"app_label": "carts", "model": "cart"}}, {"model": "contenttypes.contenttype", "pk": 11, "fields": {"app_label": "store", "model": "variation"}}, {"model": "contenttypes.contenttype", "pk": 12, "fields": {"app_label": "orders", "model": "payment"}}, {"model": "contenttypes.contenttype", "pk": 13, "fields": {"app_label": "orders", "model": "orderproduct"}}, {"model": "contenttypes.contenttype", "pk": 14, "fields": {"app_label": "orders", "model": "order"}}, {"model": "contenttypes.contenttype", "pk": 15, "fields": {"app_label": "store", "model": "reviewrating"}}, {"model": "contenttypes.contenttype", "pk": 16, "fields": {"app_label": "accounts", "model": "userprofile"}}, {"model": "contenttypes.contenttype", "pk": 17, "fields": {"app_label": "store", "model": "productgallery"}}, {"model": "contenttypes.contenttype", "pk": 18, "fields": {"app_label": "admin_honeypot", "model": "loginattempt"}}, {"model": "sessions.session", "pk": "03gg2w725xqgda9l4hj6utxkq4f99mg5", "fields": {"session_data": "e30:1sbg52:axR1FnlfhRJsl4pbTGanF1Of2IrgxBFZykGxPpSp8XI", "expire_date": "2024-08-21T12:47:52.591Z"}}, {"model": "sessions.session", "pk": "0n5ysey0d11wazrbj9g271uasbg2p7pz", "fields": {"session_data": "e30:1sbhKk:odtUX0bjr6dZ03752qPmA1Yh-7-Tf-rT6KHeIE5TGOc", "expire_date": "2024-08-21T14:08:10.625Z"}}, {"model": "sessions.session", "pk": "1jeelx0t5cgfxyylytdq0s1svhhgvcz9", "fields": {"session_data": "e30:1sbQ9V:biOLxdlpNhLNbJ4Ia3YnFBBgMAMuVB5wQK6FG6yK0W0", "expire_date": "2024-08-20T19:47:25.920Z"}}, {"model": "sessions.session", "pk": "1s9juunf439d2ck66edk74ochnelwm2m", "fields": {"session_data": ".eJxVjDsOwyAQRO9CHSHACwsu0-cMCMw6Jh8cGVxFuXtsyY2Laea9mS_zlWrNc_G55OZbflNt4f3xrJeoQBqrHfItAuDCfFjb5NdKi8-J9UyyUxfD8KSyg_QI5T7zYS5tyZHvCj9o5bc50et6uKeDKdRpW5uIYYAOAEhLLZMDiwKjJSkcqYikXRo7gUaoAEPqRhkVBUzGKLROSPb7A7-BRUQ:1sgR0v:FUT2KkAKIewbkgjlhU2-OBVMzYP5ijqNBuvub6cZtHY", "expire_date": "2024-09-03T15:43:17.730Z"}}, {"model": "sessions.session", "pk": "21m5ukul0a0rdb0l87o0xam6stlf8gth", "fields": {"session_data": "e30:1sbMJx:2qjlf97kLzVi5EhLgBBMHH6pC0zPA9TNNGf9rBcF2BE", "expire_date": "2024-08-20T15:41:57.620Z"}}, {"model": "sessions.session", "pk": "29y4840dv02qg6f5ervlc5jeni2feinn", "fields": {"session_data": "e30:1sbQ9W:RfVvU6taj2JytOonPjpxl0N3J8uT7NY9ZLoCixJaemI", "expire_date": "2024-08-20T19:47:26.117Z"}}, {"model": "sessions.session", "pk": "2auu0b8wwek335qd29nm9slzv2kqcloe", "fields": {"session_data": "e30:1sbLAT:45hgKg2Ok9PYjFiUc6NtdyEnQUV05CXWec-mMhM0COU", "expire_date": "2024-08-20T14:28:05.681Z"}}, {"model": "sessions.session", "pk": "2bh0bekpmmxucshlb9u2sd8bhiuo6gou", "fields": {"session_data": "e30:1sbKLu:vHYG88_ScthAjC5L9LqxRgz_5EuzWASO5Pes5btKRxs", "expire_date": "2024-08-20T13:35:50.027Z"}}, {"model": "sessions.session", "pk": "2ftcdvacxuqexhc22q3wbc0cvw53c9j1", "fields": {"session_data": "e30:1sbLWi:70MiBRQmFClwyxDtZh8k5Rc2tqwP5A13Z0VIlSHw98k", "expire_date": "2024-08-20T14:51:04.026Z"}}, {"model": "sessions.session", "pk": "2gzrs4vvf7th8gojbnun63hyxgcu72w0", "fields": {"session_data": "e30:1sbQEV:efPSvP179eB72t_rJcgloLJKXwstgQYZB48FZN7pY-Y", "expire_date": "2024-08-20T19:52:35.490Z"}}, {"model": "sessions.session", "pk": "32m1w5hgedn3fafxemdnu9be18vt2lne", "fields": {"session_data": "e30:1sbQEq:J3YvgYVjDhKn7hg0ylggJ3PvGVz-iWd5NwMkpIUPyFg", "expire_date": "2024-08-20T19:52:56.236Z"}}, {"model": "sessions.session", "pk": "3xtbqcyrn3ejnhnsp42tc0p9pze6c10s", "fields": {"session_data": "e30:1sbgSa:BbFx2isyO80IBYtnmgonlU7HL0KsWSVsBVWk5NPOpJE", "expire_date": "2024-08-21T13:12:12.282Z"}}, {"model": "sessions.session", "pk": "3ysvj2eaqp8fd117dumzfijxj09so098", "fields": {"session_data": "e30:1sbiz2:5Op5WaWsw0zLIVW1_oteADPdlRf-sMAPcl77OxlkzMU", "expire_date": "2024-08-21T15:53:52.109Z"}}, {"model": "sessions.session", "pk": "40dd1cogtigcla0h2df4uhub973d24wy", "fields": {"session_data": "e30:1sbg8c:WouCF6bYxk99lB9s3FE0WL4x-rR6ayheKPAbPQ6EgSk", "expire_date": "2024-08-21T12:51:34.794Z"}}, {"model": "sessions.session", "pk": "41alcx0tuf2ugppqom5n9b7mcxz97dfe", "fields": {"session_data": "e30:1sbikY:vqYOGN11ZIvdvzIE45iFBC1V6koWHcC3s7QjNksm9es", "expire_date": "2024-08-21T15:38:54.130Z"}}, {"model": "sessions.session", "pk": "4amcqa0cmemytg8cnq82vwzts2el8s63", "fields": {"session_data": "e30:1sbQQF:tYVHn0uz5N526A7QKroF3Ak9cS-UoIQ3p1W1A6Eo3mA", "expire_date": "2024-08-20T20:04:43.094Z"}}, {"model": "sessions.session", "pk": "4krpee9tbaq2xnbsqwtwp4887tendta7", "fields": {"session_data": "e30:1sbQQH:KR3zLz7uLfuuwTqIPc21naPlasVQwwzepHobX7vnx5I", "expire_date": "2024-08-20T20:04:45.256Z"}}, {"model": "sessions.session", "pk": "7rapafaq25zqu0a8f75xeatixgj0o6iy", "fields": {"session_data": "e30:1sbQQT:QUxP7JyBWC32AbxyfgBDALN_4p-84v5iuNCXgwaBE04", "expire_date": "2024-08-20T20:04:57.415Z"}}, {"model": "sessions.session", "pk": "7vofmhe7ugv32jgsy1f14ezrjaznms37", "fields": {"session_data": "e30:1sbNrN:1l1DP3F8UqqX1HKrBoRCFrSCJsBJ8xGN-FecBXTbjPs", "expire_date": "2024-08-20T17:20:33.340Z"}}, {"model": "sessions.session", "pk": "8inao3r0wn1mmyft9exmvetc4lzv8rsk", "fields": {"session_data": "e30:1sbMLb:z7cmQq0VUj6b37e5jeo7TfWCyvR4UElib5ITT82tYV4", "expire_date": "2024-08-20T15:43:39.966Z"}}, {"model": "sessions.session", "pk": "8uw2mao2dxia21xkudph0e5qurg2jtb6", "fields": {"session_data": "e30:1sbg6X:uywNVc3PV60jOx59P-LdN_ECK97e4kquqHjXIwZaW9E", "expire_date": "2024-08-21T12:49:25.667Z"}}, {"model": "sessions.session", "pk": "9hq98hvo91n4fmwmlkzbw43rco6b4vyu", "fields": {"session_data": "e30:1sbNmB:K51FCoGEtWl97Jr6UMwQY_xA_VchB7s6cDrXk4Zns9A", "expire_date": "2024-08-20T17:15:11.792Z"}}, {"model": "sessions.session", "pk": "9t7ujprbl1i4mw48pxrj19d6uugy83t4", "fields": {"session_data": "e30:1sbQEe:terf6kgVFgbaSnJG5JpD9wIjoSwo8kcM2FvwvSeYpXY", "expire_date": "2024-08-20T19:52:44.182Z"}}, {"model": "sessions.session", "pk": "9y43huwcwarj5ig7uzjgq6o9r21ufhys", "fields": {"session_data": ".eJxVjEEOwiAQRe_C2pApBWFcuu8ZCJ0BqRpISrsy3l1JutDtf-_9l_Bh37LfW1z9wuIiBnH63eZAj1g64Hsotyqplm1dZtkVedAmp8rxeT3cv4McWv7WdoSo9MgDOiBMUWFicsE4sIZgdIRndhoiIaFKCTQSdAqarU1GifcH0cc3WA:1sbZY9:djMXpgR_SCE6LVhoDBxUj74ooxBXTzkXhW609h6aohM", "expire_date": "2024-08-21T05:49:29.943Z"}}, {"model": "sessions.session", "pk": "aclkabpmvosxpq65e4ds3sbnt9aiibda", "fields": {"session_data": "e30:1sbKmV:-LYg1z1ZECKhNL3HiCQiVuDstbnlWBr6piL_aQdj7J0", "expire_date": "2024-08-20T14:03:19.953Z"}}, {"model": "sessions.session", "pk": "ae08jtwmkfrkmrmwziercucroo97y4qa", "fields": {"session_data": "e30:1sbQ9V:biOLxdlpNhLNbJ4Ia3YnFBBgMAMuVB5wQK6FG6yK0W0", "expire_date": "2024-08-20T19:47:25.320Z"}}, {"model": "sessions.session", "pk": "azzsfqw2yqqi4inq8w1yx0ruels6bjif", "fields": {"session_data": "e30:1sbhLp:dR_OkZSwelG6AXgEFTugAZO_1IUGbB0Mu5qSe8auDRw", "expire_date": "2024-08-21T14:09:17.112Z"}}, {"model": "sessions.session", "pk": "bcrba3z6w1sdm9gdt2b4nmgfcp7gidqj", "fields": {"session_data": "e30:1sbQJE:7ovK9c1eY9V7iuV9ctGHpKp3_z9vSsQTaSXpwrFX_tA", "expire_date": "2024-08-20T19:57:28.331Z"}}, {"model": "sessions.session", "pk": "buhqt8xwhdoj5cvao4wvsys7qgwxpcix", "fields": {"session_data": "e30:1sbKME:nQ5YgabX2UEo_pNqHrd693CHiED3h9W2wYtDfJGvnpA", "expire_date": "2024-08-20T13:36:10.598Z"}}, {"model": "sessions.session", "pk": "bvhoowja6c80546azn5yg7f6rwl4tjnq", "fields": {"session_data": ".eJxVjMsOwiAURP-FtSGAvOrSvd9ALveCVA0kpV0Z_12adKHLmXNm3izAtpaw9bSEmdiFSXb67SLgM9Ud0APqvXFsdV3myHeFH7TzW6P0uh7u30GBXsbagfUEYI2dcDo7AspgQBBJT0qJnDUpryQqnTEZnaMeuk84gkctHPt8AQeSOPU:1sZ6VV:NL_G-kuiOv4fcPbSU_cq9muWSdhU1Wz7b-U1FMN8m0s", "expire_date": "2024-08-14T10:24:33.554Z"}}, {"model": "sessions.session", "pk": "bvkl7jojj3ue8pjv29tjt6fcncbztpu2", "fields": {"session_data": "e30:1sbg2b:ApXjb7XubEN52bG1zmalGky1ovj4QxosCNFVf6tgemo", "expire_date": "2024-08-21T12:45:21.909Z"}}, {"model": "sessions.session", "pk": "cu6y5j875k8ct45fv2orif349q03fr7a", "fields": {"session_data": "e30:1sc3nk:bvj0UcY5sZWgeV0ab0SqStK3ERODET0yM_urpNqaIek", "expire_date": "2024-08-22T14:07:36.769Z"}}, {"model": "sessions.session", "pk": "dq8ckpwylq5u4wk0x3b16i85jixl33vv", "fields": {"session_data": "e30:1sbfzh:ovj_qLPC2_2u3t3TjpQmJZYbA8zZCPTkQmevhr_KjEQ", "expire_date": "2024-08-21T12:42:21.870Z"}}, {"model": "sessions.session", "pk": "dy5zh5a6otktm9oel9je5g1n9rhq7uy0", "fields": {"session_data": "e30:1sbMKg:K83Ka-GsIDMYRNCFXDU7dzcT-8f9jIo0uBWfEeQa_5k", "expire_date": "2024-08-20T15:42:42.617Z"}}, {"model": "sessions.session", "pk": "fp1frpn83gt7w8ylip1yha39msf1ypbi", "fields": {"session_data": "e30:1sbKLu:vHYG88_ScthAjC5L9LqxRgz_5EuzWASO5Pes5btKRxs", "expire_date": "2024-08-20T13:35:50.728Z"}}, {"model": "sessions.session", "pk": "g4hlqdedbrc11fa1q1eqvton5fofw1ks", "fields": {"session_data": "e30:1sbQF2:uzycz0yQawWJ_hEgW893d3RFN7rS5dHBbX2Dz-83mg4", "expire_date": "2024-08-20T19:53:08.175Z"}}, {"model": "sessions.session", "pk": "gbdbex8y3ai52er5vb8d7u3xie7h70p2", "fields": {"session_data": ".eJxVjEEOwiAQAP_C2RCWrgt49O4bmi1LpWogKe3J-HdD0oNeZybzViPvWx73ltZxEXVRoE6_bOL4TKULeXC5Vx1r2dZl0j3Rh236ViW9rkf7N8jcct-SkHOIQmGw3rk5oXjwYhOSAUPAAmACMCcIFuNMZx9wcIYNeAhefb6tiTYq:1sWbf6:sH3jmNIND5ih8JzI8b6k1xm4i-wbLdTpKeyJIce5VRE", "expire_date": "2024-08-07T13:04:08.283Z"}}, {"model": "sessions.session", "pk": "hmsm4a3egzz15akepxvv5t1b91nh3se7", "fields": {"session_data": "e30:1sbhGk:qF3TlS3LSXGu7OBieIodCvadlVSx-3AvS5E0IHLMgXQ", "expire_date": "2024-08-21T14:04:02.900Z"}}, {"model": "sessions.session", "pk": "iwsbcapxa3rw5oonrwrs84h7zooen5rl", "fields": {"session_data": "e30:1sbLBf:5TLZdwsfcETXlSG1AyOqwVGhEhiXMOG_fIkOR6L38P8", "expire_date": "2024-08-20T14:29:19.521Z"}}, {"model": "sessions.session", "pk": "jd3mffnd17tcpy52ii8ohexbvrm54dp9", "fields": {"session_data": "e30:1sbiky:YUW8pBIxmxUuylz42oavBzMyaULwVNGLvekJRY_FrNk", "expire_date": "2024-08-21T15:39:20.369Z"}}, {"model": "sessions.session", "pk": "jjm50bxd4fu9a5zr2iquk5ulfe897v03", "fields": {"session_data": "e30:1sbhFj:wSNudPl0Hn8GZ1pcIoPJTHeB7KyLrPKuqm0xNKuRRNg", "expire_date": "2024-08-21T14:02:59.333Z"}}, {"model": "sessions.session", "pk": "k7md7p2tiqg64dvuvkgg3i30jzoudpc5", "fields": {"session_data": "e30:1sbQOj:5dfkQ9i7h8sbi9OSllcLvz1nFdf4nV5lts-TIznYj_Q", "expire_date": "2024-08-20T20:03:09.657Z"}}, {"model": "sessions.session", "pk": "ky00hrms5quyr800e8wido6q4n5k8wtw", "fields": {"session_data": "e30:1sbQFT:ES2790AJcfQ2Ft6MX5hddwVdM1KIQ5cHC4-QwBlY-TM", "expire_date": "2024-08-20T19:53:35.175Z"}}, {"model": "sessions.session", "pk": "m4pjiuzhjdhg7ya6xn8r7u6egr153wy3", "fields": {"session_data": "e30:1sbg0U:3eUzK50PC_07lx06RI3VMzwrcEogEf5vXtXlH83Pv9g", "expire_date": "2024-08-21T12:43:10.523Z"}}, {"model": "sessions.session", "pk": "mdoey76ypx6sqd2bnjtkaomuw3qu8lkf", "fields": {"session_data": "e30:1sbQQT:QUxP7JyBWC32AbxyfgBDALN_4p-84v5iuNCXgwaBE04", "expire_date": "2024-08-20T20:04:57.596Z"}}, {"model": "sessions.session", "pk": "mn522xtws8zwatrrycjweic4yq8ekj0c", "fields": {"session_data": "e30:1sbKME:nQ5YgabX2UEo_pNqHrd693CHiED3h9W2wYtDfJGvnpA", "expire_date": "2024-08-20T13:36:10.901Z"}}, {"model": "sessions.session", "pk": "mpm4hk493kvc2uc4z3avz5mnzymugurz", "fields": {"session_data": "e30:1sbQEq:J3YvgYVjDhKn7hg0ylggJ3PvGVz-iWd5NwMkpIUPyFg", "expire_date": "2024-08-20T19:52:56.059Z"}}, {"model": "sessions.session", "pk": "n8fsacyae58z5ynrxu3nrm3ky66xblo0", "fields": {"session_data": "e30:1sbKMF:j2fHU60Lid3ISUOLKNEZTEaTJzkvwpB41vbd9ES6284", "expire_date": "2024-08-20T13:36:11.095Z"}}, {"model": "sessions.session", "pk": "ngp1rqwj0s8ec72kkva9p2ou1ktzf2fr", "fields": {"session_data": "e30:1sbgCR:xQfvtu4VCWmHcpa50FRcb4KEqzI5nlpOo7byD35e55k", "expire_date": "2024-08-21T12:55:31.241Z"}}, {"model": "sessions.session", "pk": "nhizo67ql4ga4zcz8z81983itmma5uj8", "fields": {"session_data": "e30:1sbNrD:92aSzyrVvRmOzt-GmAf3kK5Ap5-DQsJLWsNH1HVzHe4", "expire_date": "2024-08-20T17:20:23.144Z"}}, {"model": "sessions.session", "pk": "ntqdx7f6xzop2jz3lnn06dgtf132k7wo", "fields": {"session_data": "e30:1sbfyE:B7ht_W2Y5KB8YBT-mi-C93CzJ2dj27LIxYePWJdZKMw", "expire_date": "2024-08-21T12:40:50.514Z"}}, {"model": "sessions.session", "pk": "nxpc9eqt2f2904kjncl96hx9j34dyw0s", "fields": {"session_data": "e30:1sbKMN:Zf1VDpDZowHt3p15xePLCoIoZQ3vUBqk81NL8obZt20", "expire_date": "2024-08-20T13:36:19.004Z"}}, {"model": "sessions.session", "pk": "o93iqeuz19rrczf6acu6xx2yi9iq0usl", "fields": {"session_data": "e30:1sbQPC:8LhHsEgd1_E2wkkXvE45Ee2zWXYGa2pVV33P5wAmhdk", "expire_date": "2024-08-20T20:03:38.704Z"}}, {"model": "sessions.session", "pk": "ods39p9vwnly6kb9c7n620b7hwaegx8c", "fields": {"session_data": "e30:1sbLKq:GHSunbBitsIkAwzVyUS2YLk4zt2Mz7zINoVtDs9PDX8", "expire_date": "2024-08-20T14:38:48.742Z"}}, {"model": "sessions.session", "pk": "peve6q8jkl6uvemhgmtjrwyka21haise", "fields": {"session_data": ".eJxtjEEOgjAQRe8ya9PgdEqpS_ecgUxniqCmTSisjHdXEjYmbv97779gmxUugAQnGHhbp2GraRn-jpHlkfJO9M75VoyUvC5zNLtiDlpNXzQ9r4f7czBxnb61nBtqfCseiZC60bFFP4aIYSTnKDRi1SsjJuvYUdSOJEirLvhI0Qq8P7BaOhM:1sazWV:MmY1tj8D84WL7Y9nLDZWFMokNCPa4nBwn69fUR1rHwE", "expire_date": "2024-08-19T15:21:23.466Z"}}, {"model": "sessions.session", "pk": "qdm203aefe4nesmx238pg05ud4vhrp3j", "fields": {"session_data": "e30:1sbg1l:Hhq4cOuTPR8EfXPUJNaZoBrw7rB1jVma_3lx_n7jrDE", "expire_date": "2024-08-21T12:44:29.518Z"}}, {"model": "sessions.session", "pk": "qsozkqzuw8om7p3clm58m3lyvs8yh5xo", "fields": {"session_data": "e30:1sbNiv:fArNTXZQr4kJbR_Iv2_mgqWLr7Q1ow1X_0oweCgtgYY", "expire_date": "2024-08-20T17:11:49.161Z"}}, {"model": "sessions.session", "pk": "qu8usuau0anw76hc37l1i71po615sxj5", "fields": {"session_data": ".eJxVjEEOwiAQRe_C2pApBWFcuu8ZCJ0BqRpISrsy3l1JutDtf-_9l_Bh37LfW1z9wuIiBnH63eZAj1g64Hsotyqplm1dZtkVedAmp8rxeT3cv4McWv7WdoSo9MgDOiBMUWFicsE4sIZgdIRndhoiIaFKCTQSdAqarU1GifcH0cc3WA:1sdTSD:_lsucrkHvdFcT5naDVATjcZGzcJU3TOEgIgMhYakWNE", "expire_date": "2024-08-26T11:43:13.381Z"}}, {"model": "sessions.session", "pk": "qv1vz779l56lgtnr7q0tfyrns3p2141h", "fields": {"session_data": ".eJxVjMsOwiAURP-FtSGAvOrSvd9ALveCVA0kpV0Z_12adKHLmXNm3izAtpaw9bSEmdiFSXb67SLgM9Ud0APqvXFsdV3myHeFH7TzW6P0uh7u30GBXsbagfUEYI2dcDo7AspgQBBJT0qJnDUpryQqnTEZnaMeuk84gkctHPt8AQeSOPU:1sayET:Nbsi39FLEm4U-8ZrdVM-QkSdw02_IqGFUaEyhJfMXpA", "expire_date": "2024-08-19T13:58:41.032Z"}}, {"model": "sessions.session", "pk": "r9ierw67139mz1mg9oj80p05kwncoa4o", "fields": {"session_data": "e30:1sbQQT:QUxP7JyBWC32AbxyfgBDALN_4p-84v5iuNCXgwaBE04", "expire_date": "2024-08-20T20:04:57.031Z"}}, {"model": "sessions.session", "pk": "rkh6cb4j3y350s6zsfj4z2x1b1adjwfq", "fields": {"session_data": "e30:1sbKLv:b_kwXQshtxcAtd8tKwq52kMEzs9XMvEVXVQbHROmQ44", "expire_date": "2024-08-20T13:35:51.842Z"}}, {"model": "sessions.session", "pk": "rwitpx69tn0zsadcddsxcy75z2u58731", "fields": {"session_data": "e30:1sbKpD:nmoDgNCrAC98Qj6CXMK-c_56YarmdDhhedsHaPBHy8M", "expire_date": "2024-08-20T14:06:07.473Z"}}, {"model": "sessions.session", "pk": "tkpdpp2onnjcfe603sqp596k6uboz58m", "fields": {"session_data": ".eJxVjEEOwiAQRe_C2pApBWFcuu8ZCJ0BqRpISrsy3l1JutDtf-_9l_Bh37LfW1z9wuIiBnH63eZAj1g64Hsotyqplm1dZtkVedAmp8rxeT3cv4McWv7WdoSo9MgDOiBMUWFicsE4sIZgdIRndhoiIaFKCTQSdAqarU1GifcH0cc3WA:1sbhOk:_ZSpsocIhMNFHpKia96YM0hmKqOTl-VOWyroYNOnPBw", "expire_date": "2024-08-21T14:12:18.166Z"}}, {"model": "sessions.session", "pk": "trcd8ys2x1u80l7klyhi4cbq9av0exyt", "fields": {"session_data": "e30:1sbKLu:vHYG88_ScthAjC5L9LqxRgz_5EuzWASO5Pes5btKRxs", "expire_date": "2024-08-20T13:35:50.923Z"}}, {"model": "sessions.session", "pk": "ueiweixqcfw5oia8s2w5pye9scfcdm6k", "fields": {"session_data": "e30:1sbhJb:Wk1XxMIEF5K2NyCLqrbP-mmjDVhnjxj1Y7LLD-dEvaA", "expire_date": "2024-08-21T14:06:59.512Z"}}, {"model": "sessions.session", "pk": "usoe9ri555jwi9a4are1yqqy9cxj199z", "fields": {"session_data": "e30:1sbhDa:lFvvh3E9nZ7wSZwPpnfDoGglpobgKP53Qht228Ovbbo", "expire_date": "2024-08-21T14:00:46.462Z"}}, {"model": "sessions.session", "pk": "uxq177tqrn6dookx9ik4bz8cacelb02d", "fields": {"session_data": "e30:1sbQEp:v8feQ_MafmYEmpfMGx-wjUqojB4ut8CfWiLk_QB1FF0", "expire_date": "2024-08-20T19:52:55.129Z"}}, {"model": "sessions.session", "pk": "vjhr5n31og69bx7grhxqdwxrvftj5n3z", "fields": {"session_data": "e30:1sbKME:nQ5YgabX2UEo_pNqHrd693CHiED3h9W2wYtDfJGvnpA", "expire_date": "2024-08-20T13:36:10.699Z"}}, {"model": "sessions.session", "pk": "w4mvrnx9fqclqh8snjwb107y8zxzvjkx", "fields": {"session_data": "e30:1sbhCX:YYvcQgFT53L5PVab2INQy5r7yNnybw1IcIgm_r6QkF8", "expire_date": "2024-08-21T13:59:41.961Z"}}, {"model": "sessions.session", "pk": "x27rwomorufd6xq21xzttmn41yd5s2ez", "fields": {"session_data": "e30:1sbKLv:b_kwXQshtxcAtd8tKwq52kMEzs9XMvEVXVQbHROmQ44", "expire_date": "2024-08-20T13:35:51.602Z"}}, {"model": "sessions.session", "pk": "xv59b41iqg3ntl1i1kptrl551audjldd", "fields": {"session_data": "e30:1sbKpZ:xppDz82V0ThWTU50tb4n4WJ3aZddVOT94EqukjmsdQI", "expire_date": "2024-08-20T14:06:29.395Z"}}, {"model": "sessions.session", "pk": "y02mmaqj9fdwc5gizz22fti4omjqlg32", "fields": {"session_data": "e30:1sbLA1:6-FFKz-OaGVgxRwniclbv4DeRQIfeBs9cpf_nX-PeXs", "expire_date": "2024-08-20T14:27:37.582Z"}}, {"model": "sessions.session", "pk": "z1tpi08cytmb7c6rnyk0zbh5jiidn830", "fields": {"session_data": "e30:1sbKME:nQ5YgabX2UEo_pNqHrd693CHiED3h9W2wYtDfJGvnpA", "expire_date": "2024-08-20T13:36:10.789Z"}}, {"model": "sessions.session", "pk": "zevqtwc12cp8uzn008pf65r3z2p3hdtx", "fields": {"session_data": "e30:1sbg93:klDUlTZgSyXT1cgMyU8VFZxXKLWQwv_YB7YWaRcnnYM", "expire_date": "2024-08-21T12:52:01.045Z"}}, {"model": "sessions.session", "pk": "zhc6jhwcq6g7fggptfe6i7n37hjwtw25", "fields": {"session_data": "e30:1sbg5x:FEyd4Ocl7OVBxo0ggM0W6Q4SSpTcAOLDYzW_PBnFOVg", "expire_date": "2024-08-21T12:48:49.788Z"}}, {"model": "category.category", "pk": 1, "fields": {"category_name": "Shirt", "slug": "shirts", "description": "demo shirt category", "cat_image": "photos/categories/shirts.jpg"}}, {"model": "category.category", "pk": 2, "fields": {"category_name": "tshirt", "slug": "tshirt", "description": "demo tshirt category", "cat_image": "photos/categories/tshirts.jpg"}}, {"model": "category.category", "pk": 3, "fields": {"category_name": "shoes", "slug": "shoes", "description": "this is shoes category", "cat_image": "photos/categories/shoes.png"}}, {"model": "category.category", "pk": 4, "fields": {"category_name": "jeans", "slug": "jeans", "description": "jeans discription", "cat_image": "photos/categories/jeans.jpg"}}, {"model": "category.category", "pk": 5, "fields": {"category_name": "jacket", "slug": "jacket", "description": "jacket discription", "cat_image": "photos/categories/jackets.jpg"}}, {"model": "accounts.account", "pk": 1, "fields": {"password": "pbkdf2_sha256$870000$hTvKeFDxWv7Wvxv61UN9u1$O3yY4Ez8Jbbyf+RFQX58+M3LwLnrfFIr+M5B7sBTfhA=", "first_name": "dhyey", "last_name": "1015", "username": "dhyey1015", "email": "dhyeykakadiya1015@gmail.com", "phone_number": "8200189922", "date_joined": "2024-07-24T13:02:46.448Z", "last_login": "2024-08-20T14:53:38.994Z", "is_admin": true, "is_staff": true, "is_active": true, "is_superadmin": true}}, {"model": "accounts.account", "pk": 14, "fields": {"password": "pbkdf2_sha256$216000$FBNfVgFPPQPO$eumbR7XIblzqiVhDwrjqkB7YKEi8l802ptsN+Jf2Zfk=", "first_name": "harry", "last_name": "potter", "username": "harrypotter", "email": "harrypotter@gmail.com", "phone_number": "08200189922", "date_joined": "2024-08-03T08:16:30.305Z", "last_login": "2024-08-03T09:12:04.454Z", "is_admin": false, "is_staff": false, "is_active": true, "is_superadmin": false}}, {"model": "accounts.account", "pk": 30, "fields": {"password": "pbkdf2_sha256$720000$y6L0FNzIxq1ne1ERt4Epdi$S81CTZGpIq+sQrEPI0VP7jmQPpM4XvvEwr3aGqoQzRk=", "first_name": "dhyey", "last_name": "kakadiya", "username": "thrown007", "email": "thrown007@gmail.com", "phone_number": "9723792102", "date_joined": "2024-08-10T13:13:48.861Z", "last_login": "2024-08-10T13:52:35.268Z", "is_admin": false, "is_staff": false, "is_active": true, "is_superadmin": false}}, {"model": "accounts.account", "pk": 31, "fields": {"password": "pbkdf2_sha256$870000$egeSTOgXS02WePYUCY3Ycs$z1vruPIvEAifr7HusKFr8fKsNMFS4jjsr9xgdtYQUeI=", "first_name": "dhyey", "last_name": "kakadiya", "username": "dhyeykakadiya1015", "email": "dhyeykakadiya007@gmail.com", "phone_number": "", "date_joined": "2024-08-20T15:42:57.890Z", "last_login": "2024-08-20T15:42:57.890Z", "is_admin": true, "is_staff": true, "is_active": true, "is_superadmin": true}}, {"model": "accounts.userprofile", "pk": 1, "fields": {"user": 1, "address_line_1": "Serita Socity, Street No:-9, Plot No:-147", "address_line_2": "bhavanagar", "profile_picture": "userprofile/naruto-profile-pictures-sa1tekghfajrr928.jpg", "city": "Bhavanaagar", "state": "Gujarat", "country": "India"}}, {"model": "accounts.userprofile", "pk": 2, "fields": {"user": 30, "address_line_1": "", "address_line_2": "", "profile_picture": "default/default-user.jpeg", "city": "", "state": "", "country": ""}}, {"model": "store.product", "pk": 1, "fields": {"product_name": "ATX-Jeans", "slug": "atx-jeans", "description": "ATX-Jeans", "price": 199, "image": "photos/products/ATX-Jeans.jpg", "stock": 45, "is_available": true, "category": 4, "created_date": "2024-07-25T11:54:25.280Z", "modified_date": "2024-08-12T12:04:03.347Z"}}, {"model": "store.product", "pk": 2, "fields": {"product_name": "Blue-Shirt", "slug": "blue-shirt", "description": "Blue-Shirt", "price": 149, "image": "photos/products/Blue-Shirt.jpg", "stock": 34, "is_available": true, "category": 1, "created_date": "2024-07-25T11:55:46.808Z", "modified_date": "2024-07-25T11:55:46.808Z"}}, {"model": "store.product", "pk": 3, "fields": {"product_name": "Great-Tshirt", "slug": "great-tshirt", "description": "Great-Tshirt", "price": 99, "image": "photos/products/Great-Tshirt.jpg", "stock": 56, "is_available": true, "category": 2, "created_date": "2024-07-25T11:56:51.213Z", "modified_date": "2024-07-25T11:56:51.213Z"}}, {"model": "store.product", "pk": 4, "fields": {"product_name": "jordan basketball shoes", "slug": "jordan-basketball-shoes", "description": "jordan true flight basketball shoes", "price": 2599, "image": "photos/products/jordan-true-flight-basketball-shoes.jpg", "stock": 45, "is_available": true, "category": 3, "created_date": "2024-07-25T11:58:00.372Z", "modified_date": "2024-07-25T11:58:00.372Z"}}, {"model": "store.product", "pk": 5, "fields": {"product_name": "Mavi jeans", "slug": "mavi-jeans", "description": "Mavi jeans", "price": 299, "image": "photos/products/Mavi_jeans.jpg", "stock": 159, "is_available": true, "category": 4, "created_date": "2024-07-25T11:58:55.658Z", "modified_date": "2024-07-25T11:58:55.658Z"}}, {"model": "store.product", "pk": 6, "fields": {"product_name": "Puma Ferrari Shoes", "slug": "puma-ferrari-shoes", "description": "Puma Ferrari Shoes", "price": 1999, "image": "photos/products/Puma-Ferrari-Shoes.jpg", "stock": 47, "is_available": true, "category": 3, "created_date": "2024-07-25T12:00:07.146Z", "modified_date": "2024-07-25T12:00:07.146Z"}}, {"model": "store.product", "pk": 7, "fields": {"product_name": "US Polo Assn Jacket", "slug": "us-polo-assn-jacket", "description": "US Polo Assn Jacket", "price": 499, "image": "photos/products/US-Polo-Assn_Jacket.jpg", "stock": 48, "is_available": true, "category": 5, "created_date": "2024-07-25T12:01:05.470Z", "modified_date": "2024-07-25T12:01:05.470Z"}}, {"model": "store.product", "pk": 8, "fields": {"product_name": "Wrangler Shirt", "slug": "wrangler-shirt", "description": "Wrangler Shirt", "price": 159, "image": "photos/products/Wrangler-Shirt.jpg", "stock": 47, "is_available": true, "category": 1, "created_date": "2024-07-25T12:02:05.710Z", "modified_date": "2024-07-25T12:02:05.710Z"}}, {"model": "store.variation", "pk": 2, "fields": {"product": 1, "variation_category": "color", "variation_value": "Red", "is_active": true, "created_date": "2024-08-01T17:32:52.180Z"}}, {"model": "store.variation", "pk": 3, "fields": {"product": 1, "variation_category": "color", "variation_value": "Yellow", "is_active": true, "created_date": "2024-08-01T17:32:45.633Z"}}, {"model": "store.variation", "pk": 4, "fields": {"product": 1, "variation_category": "color", "variation_value": "Green", "is_active": true, "created_date": "2024-08-01T17:32:37.942Z"}}, {"model": "store.variation", "pk": 5, "fields": {"product": 1, "variation_category": "size", "variation_value": "Small", "is_active": true, "created_date": "2024-08-01T17:37:48.681Z"}}, {"model": "store.variation", "pk": 6, "fields": {"product": 1, "variation_category": "size", "variation_value": "Medium", "is_active": true, "created_date": "2024-08-01T17:38:07.728Z"}}, {"model": "store.variation", "pk": 7, "fields": {"product": 1, "variation_category": "size", "variation_value": "Large", "is_active": true, "created_date": "2024-08-01T17:38:24.454Z"}}, {"model": "store.variation", "pk": 8, "fields": {"product": 1, "variation_category": "color", "variation_value": "red", "is_active": true, "created_date": "2024-08-10T10:02:42.560Z"}}, {"model": "store.reviewrating", "pk": 2, "fields": {"product": 1, "user": 1, "subject": "wqnijxo", "review": "owdq", "rating": 4.0, "ip": "127.0.0.1", "status": true, "created_at": "2024-08-09T17:46:41.635Z", "updated_at": "2024-08-09T17:46:41.635Z"}}, {"model": "store.productgallery", "pk": 2, "fields": {"product": 1, "image": "store/products/image1.jpg"}}, {"model": "store.productgallery", "pk": 3, "fields": {"product": 1, "image": "store/products/image2.jpg"}}, {"model": "store.productgallery", "pk": 4, "fields": {"product": 1, "image": "store/products/image13.jpg"}}, {"model": "carts.cart", "pk": 13, "fields": {"cart_id": "momgz0z59q4suai5n6nm2hb6jioy9wbe", "date_added": "2024-08-08T13:15:25.075Z"}}, {"model": "carts.cart", "pk": 14, "fields": {"cart_id": "mgggc5cvv4swwzv0c1djvhjgwk14091b", "date_added": "2024-08-08T13:26:55.475Z"}}, {"model": "carts.cart", "pk": 15, "fields": {"cart_id": "3tbtuefm36bvbrpu9zp5m8ljf43a08xw", "date_added": "2024-08-08T13:27:31.261Z"}}, {"model": "carts.cart", "pk": 16, "fields": {"cart_id": "cwgnll31tdqaotlthn5cq0ve5wbl3nux", "date_added": "2024-08-08T14:07:27.933Z"}}, {"model": "carts.cart", "pk": 17, "fields": {"cart_id": "xge72g5ljetolcfdffxsvekxpgbu2c5g", "date_added": "2024-08-08T14:08:11.216Z"}}, {"model": "carts.cart", "pk": 18, "fields": {"cart_id": "iil80mcsygk6r4d32pm8h1mk75i4chx1", "date_added": "2024-08-08T14:09:04.859Z"}}, {"model": "carts.cart", "pk": 19, "fields": {"cart_id": "21khjw4nsx9zdbuq17dy0mrj35kob3t2", "date_added": "2024-08-08T14:11:57.120Z"}}, {"model": "carts.cart", "pk": 20, "fields": {"cart_id": "p6tn1dfi6xmtw3l5to09o5z25oyf7iuc", "date_added": "2024-08-09T15:39:56.116Z"}}, {"model": "carts.cart", "pk": 21, "fields": {"cart_id": "xqy3y4f5wz8bqx87hvx5mfephvntu12m", "date_added": "2024-08-14T09:24:45.326Z"}}, {"model": "carts.cartitem", "pk": 28, "fields": {"user": null, "product": 1, "cart": 14, "quantity": 1, "is_active": true, "variations": [2, 5]}}, {"model": "carts.cartitem", "pk": 29, "fields": {"user": null, "product": 1, "cart": 15, "quantity": 1, "is_active": true, "variations": [3, 6]}}, {"model": "carts.cartitem", "pk": 31, "fields": {"user": null, "product": 1, "cart": 17, "quantity": 1, "is_active": true, "variations": [3, 6]}}, {"model": "carts.cartitem", "pk": 37, "fields": {"user": 1, "product": 1, "cart": 21, "quantity": 1, "is_active": true, "variations": [3, 5]}}, {"model": "orders.order", "pk": 1, "fields": {"user": 1, "payment": null, "order_number": "202408081", "first_name": "dhyey", "last_name": "kakadiya", "phone": "08200189922", "email": "dhyeykakadiya1015@gmail.com", "address_line_1": "Serita Socity, Street No:-9, Plot No:-147", "address_line_2": "", "country": "India", "state": "Gujarat", "city": "Bhavanaagar", "order_note": "test note", "order_total": 202.98, "tax": 3.98, "status": "New", "ip": "127.0.0.1", "is_ordered": false, "created_at": "2024-08-08T16:57:02.629Z", "updated_at": "2024-08-08T16:57:02.633Z"}}, {"model": "orders.order", "pk": 2, "fields": {"user": 1, "payment": null, "order_number": "202408082", "first_name": "dhyey", "last_name": "kakadiya", "phone": "08200189922", "email": "dhyeykakadiya1015@gmail.com", "address_line_1": "Serita Socity, Street No:-9, Plot No:-147", "address_line_2": "", "country": "India", "state": "Gujarat", "city": "Bhavanaagar", "order_note": "test note", "order_total": 202.98, "tax": 3.98, "status": "New", "ip": "127.0.0.1", "is_ordered": false, "created_at": "2024-08-08T18:04:51.054Z", "updated_at": "2024-08-08T18:04:51.059Z"}}, {"model": "orders.order", "pk": 3, "fields": {"user": 1, "payment": null, "order_number": "202408083", "first_name": "dhyey", "last_name": "kakadiya", "phone": "08200189922", "email": "dhyeykakadiya1015@gmail.com", "address_line_1": "Serita Socity, Street No:-9, Plot No:-147", "address_line_2": "", "country": "India", "state": "Gujarat", "city": "Bhavanaagar", "order_note": "vuhbcsia", "order_total": 202.98, "tax": 3.98, "status": "New", "ip": "127.0.0.1", "is_ordered": false, "created_at": "2024-08-08T18:06:17.781Z", "updated_at": "2024-08-08T18:06:17.790Z"}}, {"model": "orders.order", "pk": 4, "fields": {"user": 1, "payment": null, "order_number": "202408084", "first_name": "dhyey", "last_name": "kakadiya", "phone": "08200189922", "email": "dhyeykakadiya1015@gmail.com", "address_line_1": "Serita Socity, Street No:-9, Plot No:-147", "address_line_2": "", "country": "India", "state": "Gujarat", "city": "Bhavanaagar", "order_note": "yuiajs", "order_total": 202.98, "tax": 3.98, "status": "New", "ip": "127.0.0.1", "is_ordered": false, "created_at": "2024-08-08T18:07:10.731Z", "updated_at": "2024-08-08T18:07:10.739Z"}}, {"model": "orders.order", "pk": 5, "fields": {"user": 1, "payment": null, "order_number": "202408085", "first_name": "dhyey", "last_name": "kakadiya", "phone": "08200189922", "email": "dhyeykakadiya1015@gmail.com", "address_line_1": "Serita Socity, Street No:-9, Plot No:-147", "address_line_2": "", "country": "India", "state": "Gujarat", "city": "Bhavanaagar", "order_note": "ydwqui", "order_total": 202.98, "tax": 3.98, "status": "New", "ip": "127.0.0.1", "is_ordered": false, "created_at": "2024-08-08T18:07:42.692Z", "updated_at": "2024-08-08T18:07:42.696Z"}}, {"model": "orders.order", "pk": 6, "fields": {"user": 1, "payment": null, "order_number": "202408086", "first_name": "dhyey", "last_name": "Dhyey", "phone": "08200189922", "email": "dhyeykakadiya1015@gmail.com", "address_line_1": "Serita Socity, Street No:-9, Plot No:-147", "address_line_2": "", "country": "India", "state": "Gujarat", "city": "Bhavanaagar", "order_note": "wdbui", "order_total": 202.98, "tax": 3.98, "status": "New", "ip": "127.0.0.1", "is_ordered": false, "created_at": "2024-08-08T18:08:31.723Z", "updated_at": "2024-08-08T18:08:31.728Z"}}, {"model": "orders.order", "pk": 7, "fields": {"user": 1, "payment": null, "order_number": "202408087", "first_name": "dhyey", "last_name": "kakadiya", "phone": "08200189922", "email": "dhyeykakadiya1015@gmail.com", "address_line_1": "Serita Socity, Street No:-9, Plot No:-147", "address_line_2": "", "country": "India", "state": "Gujarat", "city": "Bhavanaagar", "order_note": "uewj", "order_total": 202.98, "tax": 3.98, "status": "New", "ip": "127.0.0.1", "is_ordered": false, "created_at": "2024-08-08T18:10:18.813Z", "updated_at": "2024-08-08T18:10:18.817Z"}}, {"model": "orders.order", "pk": 8, "fields": {"user": 1, "payment": null, "order_number": "202408088", "first_name": "dhyey", "last_name": "kakadiya", "phone": "08200189922", "email": "dhyeykakadiya1015@gmail.com", "address_line_1": "Serita Socity, Street No:-9, Plot No:-147", "address_line_2": "", "country": "India", "state": "Gujarat", "city": "Bhavanaagar", "order_note": "ebhd", "order_total": 202.98, "tax": 3.98, "status": "New", "ip": "127.0.0.1", "is_ordered": false, "created_at": "2024-08-08T18:13:34.830Z", "updated_at": "2024-08-08T18:13:34.839Z"}}, {"model": "orders.order", "pk": 9, "fields": {"user": 1, "payment": null, "order_number": "202408089", "first_name": "dhyey", "last_name": "kakadiya", "phone": "08200189922", "email": "dhyeykakadiya1015@gmail.com", "address_line_1": "Serita Socity, Street No:-9, Plot No:-147", "address_line_2": "", "country": "India", "state": "Gujarat", "city": "Bhavanaagar", "order_note": "ebhd", "order_total": 202.98, "tax": 3.98, "status": "New", "ip": "127.0.0.1", "is_ordered": false, "created_at": "2024-08-08T18:15:06.288Z", "updated_at": "2024-08-08T18:15:06.291Z"}}, {"model": "orders.order", "pk": 10, "fields": {"user": 1, "payment": null, "order_number": "2024080810", "first_name": "dhyey", "last_name": "kakadiya", "phone": "08200189922", "email": "dhyeykakadiya1015@gmail.com", "address_line_1": "Serita Socity, Street No:-9, Plot No:-147", "address_line_2": "", "country": "India", "state": "Gujarat", "city": "Bhavanaagar", "order_note": "ebhd", "order_total": 202.98, "tax": 3.98, "status": "New", "ip": "127.0.0.1", "is_ordered": false, "created_at": "2024-08-08T18:17:06.626Z", "updated_at": "2024-08-08T18:17:06.630Z"}}, {"model": "orders.order", "pk": 11, "fields": {"user": 1, "payment": null, "order_number": "2024080811", "first_name": "dhyey", "last_name": "kakadiya", "phone": "08200189922", "email": "dhyeykakadiya1015@gmail.com", "address_line_1": "Serita Socity, Street No:-9, Plot No:-147", "address_line_2": "", "country": "India", "state": "Gujarat", "city": "Bhavanaagar", "order_note": "ebhd", "order_total": 202.98, "tax": 3.98, "status": "New", "ip": "127.0.0.1", "is_ordered": false, "created_at": "2024-08-08T18:18:39.706Z", "updated_at": "2024-08-08T18:18:39.710Z"}}, {"model": "orders.order", "pk": 12, "fields": {"user": 1, "payment": null, "order_number": "2024080812", "first_name": "harry", "last_name": "kakadiya", "phone": "08200189922", "email": "dhyeykakadiya1015@gmail.com", "address_line_1": "Serita Socity, Street No:-9, Plot No:-147", "address_line_2": "", "country": "India", "state": "Gujarat", "city": "Bhavanaagar", "order_note": "duiw", "order_total": 202.98, "tax": 3.98, "status": "New", "ip": "127.0.0.1", "is_ordered": false, "created_at": "2024-08-08T18:20:45.333Z", "updated_at": "2024-08-08T18:20:45.336Z"}}, {"model": "orders.order", "pk": 13, "fields": {"user": 1, "payment": null, "order_number": "2024080813", "first_name": "harry", "last_name": "kakadiya", "phone": "08200189922", "email": "dhyeykakadiya1015@gmail.com", "address_line_1": "Serita Socity, Street No:-9, Plot No:-147", "address_line_2": "", "country": "India", "state": "Gujarat", "city": "Bhavanaagar", "order_note": "duiw", "order_total": 202.98, "tax": 3.98, "status": "New", "ip": "127.0.0.1", "is_ordered": false, "created_at": "2024-08-08T18:21:45.384Z", "updated_at": "2024-08-08T18:21:45.387Z"}}, {"model": "orders.order", "pk": 14, "fields": {"user": 1, "payment": null, "order_number": "2024080814", "first_name": "harry", "last_name": "kakadiya", "phone": "08200189922", "email": "dhyeykakadiya1015@gmail.com", "address_line_1": "Serita Socity, Street No:-9, Plot No:-147", "address_line_2": "", "country": "India", "state": "Gujarat", "city": "Bhavanaagar", "order_note": "duiw", "order_total": 202.98, "tax": 3.98, "status": "New", "ip": "127.0.0.1", "is_ordered": false, "created_at": "2024-08-08T18:22:13.700Z", "updated_at": "2024-08-08T18:22:13.704Z"}}, {"model": "orders.order", "pk": 15, "fields": {"user": 1, "payment": null, "order_number": "2024080815", "first_name": "harry", "last_name": "kakadiya", "phone": "08200189922", "email": "dhyeykakadiya1015@gmail.com", "address_line_1": "Serita Socity, Street No:-9, Plot No:-147", "address_line_2": "", "country": "India", "state": "Gujarat", "city": "Bhavanaagar", "order_note": "duiw", "order_total": 202.98, "tax": 3.98, "status": "New", "ip": "127.0.0.1", "is_ordered": false, "created_at": "2024-08-08T18:24:04.249Z", "updated_at": "2024-08-08T18:24:04.253Z"}}, {"model": "orders.order", "pk": 16, "fields": {"user": 1, "payment": null, "order_number": "2024080816", "first_name": "harry", "last_name": "kakadiya", "phone": "08200189922", "email": "dhyeykakadiya1015@gmail.com", "address_line_1": "Serita Socity, Street No:-9, Plot No:-147", "address_line_2": "", "country": "India", "state": "Gujarat", "city": "Bhavanaagar", "order_note": "duiw", "order_total": 202.98, "tax": 3.98, "status": "New", "ip": "127.0.0.1", "is_ordered": false, "created_at": "2024-08-08T18:24:57.451Z", "updated_at": "2024-08-08T18:24:57.454Z"}}, {"model": "orders.order", "pk": 17, "fields": {"user": 1, "payment": null, "order_number": "2024080817", "first_name": "harry", "last_name": "kakadiya", "phone": "08200189922", "email": "dhyeykakadiya1015@gmail.com", "address_line_1": "Serita Socity, Street No:-9, Plot No:-147", "address_line_2": "", "country": "India", "state": "Gujarat", "city": "Bhavanaagar", "order_note": "duiw", "order_total": 202.98, "tax": 3.98, "status": "New", "ip": "127.0.0.1", "is_ordered": false, "created_at": "2024-08-08T18:28:26.743Z", "updated_at": "2024-08-08T18:28:26.746Z"}}, {"model": "orders.order", "pk": 18, "fields": {"user": 1, "payment": null, "order_number": "2024080818", "first_name": "harry", "last_name": "kakadiya", "phone": "08200189922", "email": "dhyeykakadiya1015@gmail.com", "address_line_1": "Serita Socity, Street No:-9, Plot No:-147", "address_line_2": "", "country": "India", "state": "Gujarat", "city": "Bhavanaagar", "order_note": "ywdquin", "order_total": 202.98, "tax": 3.98, "status": "New", "ip": "127.0.0.1", "is_ordered": false, "created_at": "2024-08-08T18:28:59.178Z", "updated_at": "2024-08-08T18:28:59.184Z"}}, {"model": "orders.order", "pk": 19, "fields": {"user": 1, "payment": null, "order_number": "2024080819", "first_name": "harry", "last_name": "Dhyey", "phone": "08200189922", "email": "dhyeykakadiya1015@gmail.com", "address_line_1": "Serita Socity, Street No:-9, Plot No:-147", "address_line_2": "", "country": "India", "state": "Gujarat", "city": "Bhavanaagar", "order_note": "eiuwao", "order_total": 202.98, "tax": 3.98, "status": "New", "ip": "127.0.0.1", "is_ordered": false, "created_at": "2024-08-08T18:32:04.601Z", "updated_at": "2024-08-08T18:32:04.604Z"}}, {"model": "orders.order", "pk": 20, "fields": {"user": 1, "payment": null, "order_number": "2024080820", "first_name": "harry", "last_name": "Dhyey", "phone": "08200189922", "email": "dhyeykakadiya1015@gmail.com", "address_line_1": "Serita Socity, Street No:-9, Plot No:-147", "address_line_2": "", "country": "India", "state": "Gujarat", "city": "Bhavanaagar", "order_note": "snqo", "order_total": 405.96, "tax": 7.96, "status": "New", "ip": "127.0.0.1", "is_ordered": false, "created_at": "2024-08-08T18:32:36.377Z", "updated_at": "2024-08-08T18:32:36.381Z"}}, {"model": "orders.order", "pk": 21, "fields": {"user": 1, "payment": null, "order_number": "2024080821", "first_name": "harry", "last_name": "Dhyey", "phone": "08200189922", "email": "dhyeykakadiya1015@gmail.com", "address_line_1": "Serita Socity, Street No:-9, Plot No:-147", "address_line_2": "", "country": "India", "state": "Gujarat", "city": "Bhavanaagar", "order_note": "njwd", "order_total": 202.98, "tax": 3.98, "status": "New", "ip": "127.0.0.1", "is_ordered": false, "created_at": "2024-08-08T18:34:52.927Z", "updated_at": "2024-08-08T18:34:52.937Z"}}, {"model": "orders.order", "pk": 22, "fields": {"user": 1, "payment": null, "order_number": "2024080822", "first_name": "harry", "last_name": "Dhyey", "phone": "08200189922", "email": "dhyeykakadiya1015@gmail.com", "address_line_1": "Serita Socity, Street No:-9, Plot No:-147", "address_line_2": "", "country": "India", "state": "Gujarat", "city": "Bhavanaagar", "order_note": "osna", "order_total": 202.98, "tax": 3.98, "status": "New", "ip": "127.0.0.1", "is_ordered": false, "created_at": "2024-08-08T18:37:48.908Z", "updated_at": "2024-08-08T18:37:48.911Z"}}, {"model": "orders.order", "pk": 23, "fields": {"user": 1, "payment": null, "order_number": "2024080823", "first_name": "harry", "last_name": "Dhyey", "phone": "08200189922", "email": "dhyeykakadiya1015@gmail.com", "address_line_1": "Serita Socity, Street No:-9, Plot No:-147", "address_line_2": "", "country": "India", "state": "Gujarat", "city": "Bhavanaagar", "order_note": "osna", "order_total": 202.98, "tax": 3.98, "status": "New", "ip": "127.0.0.1", "is_ordered": false, "created_at": "2024-08-08T18:38:44.628Z", "updated_at": "2024-08-08T18:38:44.632Z"}}, {"model": "orders.order", "pk": 24, "fields": {"user": 1, "payment": null, "order_number": "2024081424", "first_name": "riddhi", "last_name": "Dhyey", "phone": "08200189922", "email": "dhyeykakadiya1015@gmail.com", "address_line_1": "Serita Socity, Street No:-9, Plot No:-147", "address_line_2": "", "country": "India", "state": "Gujarat", "city": "Bhavanaagar", "order_note": "inwdqcja", "order_total": 405.96, "tax": 7.96, "status": "New", "ip": "127.0.0.1", "is_ordered": false, "created_at": "2024-08-14T09:25:10.920Z", "updated_at": "2024-08-14T09:25:10.924Z"}}, {"model": "admin_honeypot.loginattempt", "pk": 1, "fields": {"username": "dhyeykakadiya1015@gmail.com", "ip_address": "127.0.0.1", "session_key": "qu8usuau0anw76hc37l1i71po615sxj5", "user_agent": "Mozilla/5.0 (X11; Linux x86_64) AppleWebKit/537.36 (KHTML, like Gecko) Chrome/127.0.0.0 Safari/537.36", "timestamp": "2024-08-12T15:34:51.329Z", "path": "/admin/login/?next=/admin/"}}, {"model": "admin_honeypot.loginattempt", "pk": 2, "fields": {"username": "dhyeykakadiya1015@gmail.com", "ip_address": "127.0.0.1", "session_key": "rn39indkt1vgtn3i5tv55wvp4a0n1mia", "user_agent": "Mozilla/5.0 (X11; Linux x86_64) AppleWebKit/537.36 (KHTML, like Gecko) Chrome/127.0.0.0 Safari/537.36", "timestamp": "2024-08-20T13:10:15.510Z", "path": "/admin/login/?next=/admin/"}}]